,ID,Reference,Source Clone name,Sequence,Motif,Target-tumor,Target-cell,Receptors-biomarker,Phage/Library,In vitro/Ex-vivo,In vivo,Homing/targeting,Payloads,patent
0,1170,Dickerson EB et al. Mol Cancer Res. 2004 Dec;2(12):663-73.,mrIL-12vp [mouse recombinant interleukin (IL)-12,CDCRGDCFC,RGD,Tumor neovasculature,Endothelial cells,Alpha-5 beta-3 integrins,,"M21 human melanoma cells, Saos-2 osteosarcoma cells",Mice injected with NXS2 neuroblastoma cells,Homing,mrIl-12vp peptide,US 2004/0131623A9
1,1295,Burg MA et al. Cancer Res. 1999 Jun 15;59(12):2869-74.,,GGGTRAGMKY,,Tumor neovasculature,Tumor cell and angiogenic tumor vasculature,Proteoglycan,Phage/linear 10 mer peptide library,NG2 fragments (transfected human embryonic kidney 293 cells ),,Targeting,,"US 6,528,481 B1"
2,1296,Burg MA et al. Cancer Res. 1999 Jun 15;59(12):2869-74.,,WGKIEDPLRA,,Tumor neovasculature,Tumor cell and angiogenic tumor vasculature,Proteoglycan,Phage/linear 10 mer peptide library,NG2 fragments (transfected human embryonic kidney 293 cells ),,Targeting,,"US 6,528,481 B1"
3,1297,Burg MA et al. Cancer Res. 1999 Jun 15;59(12):2869-74.,,AGQTLTASGD,,Tumor neovasculature,Tumor cell and angiogenic tumor vasculature,Proteoglycan,Phage/linear 10 mer peptide library,NG2 fragments (transfected human embryonic kidney 293 cells ),,Targeting,,"US 6,528,481 B1"
4,1298,Burg MA et al. Cancer Res. 1999 Jun 15;59(12):2869-74.,,DLLAVSWLRA,,Tumor neovasculature,Tumor cell and angiogenic tumor vasculature,Proteoglycan,Phage/linear 10 mer peptide library,NG2 fragments (transfected human embryonic kidney 293 cells ),,Targeting,,"US 6,528,481 B1"
5,1299,Burg MA et al. Cancer Res. 1999 Jun 15;59(12):2869-74.,,SAERGVVAMS,,Tumor neovasculature,Tumor cell and angiogenic tumor vasculature,Proteoglycan,Phage/linear 10 mer peptide library,NG2 fragments (transfected human embryonic kidney 293 cells ),,Targeting,,"US 6,528,481 B1"
6,1300,Burg MA et al. Cancer Res. 1999 Jun 15;59(12):2869-74.,,AIHSELMWVS,,Tumor neovasculature,Tumor cell and angiogenic tumor vasculature,Proteoglycan,Phage/linear 10 mer peptide library,NG2 fragments (transfected human embryonic kidney 293 cells ),,Targeting,,"US 6,528,481 B1"
7,1301,Burg MA et al. Cancer Res. 1999 Jun 15;59(12):2869-74.,,FWTERAGWAY,,Tumor neovasculature,Tumor cell and angiogenic tumor vasculature,Proteoglycan,Phage/linear 10 mer peptide library,NG2 fragments (transfected human embryonic kidney 293 cells ),,Targeting,,"US 6,528,481 B1"
8,1302,Burg MA et al. Cancer Res. 1999 Jun 15;59(12):2869-74.,,MVWSKGPLFL,,Tumor neovasculature,Tumor cell and angiogenic tumor vasculature,Proteoglycan,Phage/linear 10 mer peptide library,NG2 fragments (transfected human embryonic kidney 293 cells ),,Targeting,,"US 6,528,481 B1"
9,1303,Burg MA et al. Cancer Res. 1999 Jun 15;59(12):2869-74.,,AGTRMSWEVL,,Tumor neovasculature,Tumor cell and angiogenic tumor vasculature,Proteoglycan,Phage/linear 10 mer peptide library,NG2 fragments (transfected human embryonic kidney 293 cells ),,Targeting,,"US 6,528,481 B1"
10,1304,Burg MA et al. Cancer Res. 1999 Jun 15;59(12):2869-74.,,VSRSSRWGSI,,Tumor neovasculature,Tumor cell and angiogenic tumor vasculature,Proteoglycan,Phage/linear 10 mer peptide library,NG2 fragments (transfected human embryonic kidney 293 cells ),,Targeting,,"US 6,528,481 B1"
11,1305,Burg MA et al. Cancer Res. 1999 Jun 15;59(12):2869-74.,,DAHVLVPRTP,,Tumor neovasculature,Tumor cell and angiogenic tumor vasculature,Proteoglycan,Phage/linear 10 mer peptide library,NG2 fragments (transfected human embryonic kidney 293 cells ),,Targeting,,"US 6,528,481 B1"
12,1306,Burg MA et al. Cancer Res. 1999 Jun 15;59(12):2869-74.,,AQGIVLQLAL,,Tumor neovasculature,Tumor cell and angiogenic tumor vasculature,Proteoglycan,Phage/linear 10 mer peptide library,NG2 fragments (transfected human embryonic kidney 293 cells ),,Targeting,,"US 6,528,481 B1"
13,1307,Burg MA et al. Cancer Res. 1999 Jun 15;59(12):2869-74.,,LSPLLSPATA,,Tumor neovasculature,Tumor cell and angiogenic tumor vasculature,Proteoglycan,Phage/linear 10 mer peptide library,NG2 fragments (transfected human embryonic kidney 293 cells ),,Targeting,,"US 6,528,481 B1"
